{
    "adaptive_bed_mesh_margin": "0",
    "auxiliary_fan": "0",
    "bbl_use_printhost": "0",
    "bed_custom_model": "",
    "bed_custom_texture": "",
    "bed_exclude_area": [
        "0x0"
    ],
    "bed_mesh_max": "99999,99999",
    "bed_mesh_min": "-99999,-99999",
    "bed_mesh_probe_distance": "50,50",
    "before_layer_change_gcode": ";BEFORE_LAYER_CHANGE\n;[layer_z]\nG92 E0\n",
    "best_object_pos": "0.5,0.5",
    "change_extrusion_role_gcode": "",
    "change_filament_gcode": "",
    "cooling_tube_length": "5",
    "cooling_tube_retraction": "91.5",
    "default_bed_type": "",
    "default_filament_profile": [
        "Artillery Generic PLA"
    ],
    "default_print_profile": "0.20mm Standard @Artillery Genius",
    "deretraction_speed": [
        "35"
    ],
    "disable_m73": "0",
    "emit_machine_limits_to_gcode": "1",
    "enable_filament_ramming": "1",
    "enable_long_retraction_when_cut": "0",
    "extra_loading_move": "-2",
    "extruder_clearance_height_to_lid": "140",
    "extruder_clearance_height_to_rod": "36",
    "extruder_clearance_radius": "65",
    "extruder_colour": [
        "#018001"
    ],
    "extruder_offset": [
        "0x0"
    ],
    "fan_kickstart": "0",
    "fan_speedup_overhangs": "1",
    "fan_speedup_time": "0",
    "from": "User",
    "gcode_flavor": "klipper",
    "head_wrap_detect_zone": [],
    "high_current_on_filament_swap": "0",
    "host_type": "octoprint",
    "inherits": "Artillery Genius 0.4 nozzle",
    "is_custom_defined": "0",
    "layer_change_gcode": "",
    "long_retractions_when_cut": [
        "0"
    ],
    "machine_end_gcode": "G91; Relative positionning\nG1 E-2 Z0.2 F2400; Retract and raise Z\nG1 X5 Y5 F3000; Wipe out\nG1 Z10; Raise Z more\nG90; Absolute positionning\nG1 X0 Y100; Present print\nM106 S0; Turn-off fan\nM104 S0; Turn-off hotend\nM140 S0; Turn-off bed\nM84 X Y E; Disable all steppers but Z",
    "machine_load_filament_time": "0",
    "machine_max_acceleration_e": [
        "5000",
        "5000"
    ],
    "machine_max_acceleration_extruding": [
        "1000",
        "1250"
    ],
    "machine_max_acceleration_retracting": [
        "1000",
        "1250"
    ],
    "machine_max_acceleration_travel": [
        "1000",
        "1250"
    ],
    "machine_max_acceleration_x": [
        "2500",
        "1000"
    ],
    "machine_max_acceleration_y": [
        "2500",
        "1000"
    ],
    "machine_max_acceleration_z": [
        "500",
        "200"
    ],
    "machine_max_jerk_e": [
        "3",
        "2.5"
    ],
    "machine_max_jerk_x": [
        "7",
        "10"
    ],
    "machine_max_jerk_y": [
        "7",
        "10"
    ],
    "machine_max_jerk_z": [
        "0.2",
        "0.4"
    ],
    "machine_max_junction_deviation": [
        "0",
        "0"
    ],
    "machine_max_speed_e": [
        "120",
        "120"
    ],
    "machine_max_speed_x": [
        "500",
        "200"
    ],
    "machine_max_speed_y": [
        "500",
        "200"
    ],
    "machine_max_speed_z": [
        "12",
        "12"
    ],
    "machine_min_extruding_rate": [
        "0",
        "0"
    ],
    "machine_min_travel_rate": [
        "0",
        "0"
    ],
    "machine_pause_gcode": "M0",
    "machine_start_gcode": "M83; extruder relative mode\nG28; home all axes\nM109 S[nozzle_temperature_initial_layer]; hotend temperature\nM140 S[bed_temperature_initial_layer_single]; heatbed temperature\nM190 S[bed_temperature_initial_layer_single]; wait for the bed to heat up\nM109 S[nozzle_temperature_initial_layer]; wait for the extruder to heat up\nG92 E0; reset extruder\nG1 X20 Y5 Z0.3 F5000.0; move to start-line position\nG1 Z0.3 F1000; print height\nG1 X200 Y5 F1500.0 E15; draw 1st line\nG1 X200 Y5.3 Z0.3 F5000.0; move to side a little\nG1 X5.3  Y5.3 Z0.3 F1500.0 E30; draw 2nd line\nG1 Z3 F3000; move z up little to prevent scratching of surface",
    "machine_tool_change_time": "0",
    "machine_unload_filament_time": "0",
    "manual_filament_change": "0",
    "max_layer_height": [
        "0.32"
    ],
    "max_resonance_avoidance_speed": "120",
    "min_layer_height": [
        "0.08"
    ],
    "min_resonance_avoidance_speed": "70",
    "name": "Artillery Genius 0.4 nozzle - Copy",
    "nozzle_diameter": [
        "0.4"
    ],
    "nozzle_height": "2.5",
    "nozzle_hrc": "0",
    "nozzle_type": "brass",
    "nozzle_volume": "0",
    "parking_pos_retraction": "92",
    "pellet_modded_printer": "0",
    "preferred_orientation": "0",
    "printable_area": [
        "0x0",
        "220x0",
        "220x220",
        "0x220"
    ],
    "printable_height": "250",
    "printer_model": "Artillery Genius",
    "printer_notes": "",
    "printer_settings_id": "Artillery Genius 0.4 nozzle - Copy",
    "printer_structure": "undefine",
    "printer_technology": "FFF",
    "printer_variant": "0.4",
    "printhost_authorization_type": "key",
    "printhost_ssl_ignore_revoke": "0",
    "printing_by_object_gcode": "",
    "purge_in_prime_tower": "1",
    "resonance_avoidance": "0",
    "retract_before_wipe": [
        "0%"
    ],
    "retract_length_toolchange": [
        "4"
    ],
    "retract_lift_above": [
        "0"
    ],
    "retract_lift_below": [
        "0"
    ],
    "retract_lift_enforce": [
        "All Surfaces"
    ],
    "retract_restart_extra": [
        "0"
    ],
    "retract_restart_extra_toolchange": [
        "0"
    ],
    "retract_when_changing_layer": [
        "1"
    ],
    "retraction_distances_when_cut": [
        "18"
    ],
    "retraction_length": [
        "1"
    ],
    "retraction_minimum_travel": [
        "1"
    ],
    "retraction_speed": [
        "35"
    ],
    "scan_first_layer": "0",
    "silent_mode": "0",
    "single_extruder_multi_material": "1",
    "support_air_filtration": "1",
    "support_chamber_temp_control": "1",
    "support_multi_bed_types": "0",
    "template_custom_gcode": "",
    "thumbnails": "48x48/PNG,300x300/PNG",
    "thumbnails_format": "PNG",
    "time_cost": "0",
    "time_lapse_gcode": "",
    "travel_slope": [
        "3"
    ],
    "upward_compatible_machine": [],
    "use_firmware_retraction": "0",
    "use_relative_e_distances": "1",
    "version": "2.3.1.10",
    "wipe": [
        "0"
    ],
    "wipe_distance": [
        "1"
    ],
    "z_hop": [
        "0.4"
    ],
    "z_hop_types": [
        "Normal Lift"
    ],
    "z_offset": "0"
}
